{
    "root_group": {
        "checks": {
            "login status 200": {
                "passes": 3,
                "fails": 0,
                "name": "login status 200",
                "path": "::login status 200",
                "id": "a9f04e9f501317c68a9f824e04811bea"
            }
        },
        "name": "",
        "path": "",
        "id": "d41d8cd98f00b204e9800998ecf8427e",
        "groups": {}
    },
    "metrics": {
        "http_req_failed": {
            "passes": 0,
            "fails": 9,
            "thresholds": {
                "rate<0.5": false
            },
            "value": 0
        },
        "http_req_blocked": {
            "max": 190.173,
            "p(90)": 187.701,
            "p(95)": 188.937,
            "avg": 180.69322222222223,
            "min": 169.539,
            "med": 181.427
        },
        "iterations": {
            "count": 3,
            "rate": 0.03999814195297914
        },
        "data_sent": {
            "count": 20258,
            "rate": 270.0941198944838
        },
        "vus": {
            "value": 1,
            "min": 1,
            "max": 9
        },
        "http_req_tls_handshaking": {
            "min": 91.67,
            "med": 98.199,
            "max": 104.323,
            "p(90)": 102.219,
            "p(95)": 103.271,
            "avg": 98.282
        },
        "http_req_sending": {
            "max": 0.143,
            "p(90)": 0.1222,
            "p(95)": 0.1326,
            "avg": 0.066,
            "min": 0.034,
            "med": 0.056
        },
        "http_reqs": {
            "count": 9,
            "rate": 0.11999442585893744
        },
        "http_req_duration": {
            "med": 44479.678,
            "max": 46619.605,
            "p(90)": 46608.8706,
            "p(95)": 46614.2378,
            "avg": 44997.922999999995,
            "min": 43475.067,
            "thresholds": {
                "p(95)<10000": true
            }
        },
        "checks": {
            "passes": 3,
            "fails": 0,
            "value": 1
        },
        "vus_max": {
            "value": 9,
            "min": 9,
            "max": 9
        },
        "http_req_connecting": {
            "avg": 81.45800000000001,
            "min": 76.645,
            "med": 80.056,
            "max": 91.499,
            "p(90)": 88.7046,
            "p(95)": 90.1018
        },
        "http_req_duration{expected_response:true}": {
            "p(95)": 46614.2378,
            "avg": 44997.922999999995,
            "min": 43475.067,
            "med": 44479.678,
            "max": 46619.605,
            "p(90)": 46608.8706
        },
        "http_req_waiting": {
            "avg": 44988.12022222222,
            "min": 43391.84,
            "med": 44479.371,
            "max": 46619.286,
            "p(90)": 46608.6396,
            "p(95)": 46613.9628
        },
        "iteration_duration": {
            "p(90)": 47657.606084,
            "p(95)": 47724.225834000004,
            "avg": 46728.45036133333,
            "min": 45269.857416,
            "med": 47124.648084,
            "max": 47790.845584
        },
        "http_req_receiving": {
            "max": 83.191,
            "p(90)": 18.937400000000014,
            "p(95)": 51.06419999999998,
            "avg": 9.736777777777776,
            "min": 0.166,
            "med": 0.251
        },
        "data_received": {
            "count": 53229,
            "rate": 709.687032671709
        }
    }
}